{"cameraMode":{"drawMode":0,"name":"Shaded","section":"Shading Mode"},"sceneLighting":false,"audioPlay":false,"sceneViewState":{"m_AlwaysRefresh":false,"showFog":true,"showSkybox":false,"showFlares":true,"showImageEffects":true,"showParticleSystems":true,"showVisualEffectGraphs":true,"m_FxEnabled":true},"in2DMode":false,"pivot":{"x":-10.751897811889649,"y":2.5188093185424806,"z":-5.125621318817139},"rotation":{"x":0.011212569661438465,"y":-0.9730280637741089,"z":0.22607780992984773,"w":0.046949353069067},"size":2.4480669498443605,"orthographic":false}