{"cameraMode":{"drawMode":0,"name":"Shaded","section":"Shading Mode"},"sceneLighting":true,"audioPlay":false,"sceneViewState":{"m_AlwaysRefresh":false,"showFog":true,"showSkybox":true,"showFlares":true,"showImageEffects":true,"showParticleSystems":true,"showVisualEffectGraphs":true,"m_FxEnabled":true},"in2DMode":false,"pivot":{"x":215.18565368652345,"y":292.7945556640625,"z":953.4055786132813},"rotation":{"x":-0.14373493194580079,"y":0.11404682695865631,"z":0.016571683809161187,"w":0.9829263091087341},"size":494.7767028808594,"orthographic":false}